Model,Accuracy,AUC,Precision,Recall,F1 Score,MCC
XGBoost,0.8765482649196438,0.9294109744637836,0.7957157784743991,0.6514114627887083,0.7163687676387582,0.6436937589661518
Random Forest,0.8670283550005118,0.9184223685969085,0.774432118330692,0.6270316509837468,0.6929803828882061,0.6148434858319415
Decision Tree,0.8636503224485618,0.9087399916125992,0.7867730900798175,0.5902480752780154,0.6744868035190615,0.6002158151875372
Logistic Regression,0.8523902139420616,0.9042148127759706,0.7413793103448276,0.5885372112917023,0.6561754887935145,0.5698628048298242
KNN,0.8474767120483161,0.8955182086372271,0.7167689161554193,0.5996578272027374,0.6530041918956684,0.5598851251632234
Naive Bayes,0.8032551950046064,0.6536720088860862,0.7226980728051392,0.2887082976903336,0.4125916870415648,0.36834409023697634
